<?xml version="1.0" ?>
<Level1 music="Boss" next="./Assets/Config/credits.xml">

  <GameAsset name="Boss">
    <Component name="Sprite" animated="false"></Component>
    <Component name="Body" x="200.0f" y="30.0f" angle="0.0f"/>
    <Component name="Health" max="1000"/>
    <Component name="BossAI" />
    <Component name="StrafeAI" speed="40.0f"/>
  </GameAsset>

  <GameAsset name="Player">
    <Component name="Sprite" animated="true">
      <Frame name="Player" />
      <Frame name="PlayerLeft"/>
      <Frame name="PlayerRight"/>
      <Frame name="PlayerUp" />
    </Component>
    <Component name="Body" x="300.0f" y="500.0f" angle="0.0f"/>
    <Component name="Input"/>
    <Component name="Health" max="100" />
  </GameAsset>
  
</Level1>
