<?xml version="1.0" ?>
<Objects>
  <ArtAsset name="Asteroid" sprite="./Assets/Images/asteroid.png"/>
  <ArtAsset name="Black Pirate" sprite="./Assets/Images/black_enemy.png"/>
  <ArtAsset name="Red Pirate" sprite="./Assets/Images/red_enemy.png"/>
  <ArtAsset name="Plasma Bullet" sprite="./Assets/Images/plasma_bullet.png"/>
  <ArtAsset name="Player" sprite="./Assets/Images/playership.png"/>
  <ArtAsset name="PlayerLeft" sprite="./Assets/Images/playership_left.png" />
  <ArtAsset name="PlayerRight" sprite="./Assets/Images/playership_right.png" />
  <ArtAsset name="PlayerUp" sprite="./Assets/Images/playership_up.png" />
  <ArtAsset name="Win" sprite="./Assets/Images/station.png"/>
  <ArtAsset name="Boss" sprite="./Assets/Images/boss.png" />
</Objects>