<?xml version="1.0" ?>
<Level music="Level4" next="./Assets/Config/level5.xml">
  <GameAsset name="Win">
    <Component name="Sprite" animated="false"></Component>
    <Component name="Body" x="0.0f" y="-1500.0f" angle="0.0f"/>
    <Component name="LinearMove" speed="2.5f"/>
    <Component name="TriggerNextLevel" />
  </GameAsset>


  <GameAsset name="Black Pirate">
    <Component name="Sprite" animated="false"></Component>
    <Component name="Body" x="175.0f" y="-1000.0f" angle="180.0f"/>
    <Component name="LinearMove" speed="6.0f"/>
    <Component name="Health" max="100"/>
    <Component name="DestroyOffScreen" />
    <Component name="StrafeAI" speed="5.0f" />
  </GameAsset>


  <GameAsset name="Red Pirate">
    <Component name="Sprite" animated="false"></Component>
    <Component name="Body" x="325.0f" y="-900.0f" angle="0.0f"/>
    <Component name="LinearMove" speed="6.0f"/>
    <Component name="Health" max="100"/>
    <Component name="DestroyOffScreen" />
    <Component name="StrafeAI" speed="10.0f" />
    <Component name="ShootAI" />
  </GameAsset>


  <GameAsset name="Asteroid">
    <Component name="Sprite" animated="false" />
    <Component name="Body" x="90.0f" y="-850.0f" angle="0.0f" />
    <Component name="LinearMove" speed="2.5f"/>
    <Component name="Spin" />
    <Component name="Health" max="400"/>
    <Component name="DestroyOffScreen" />
  </GameAsset>


  <GameAsset name="Asteroid">
    <Component name="Sprite" animated="false" />
    <Component name="Body" x="200.0f" y="-750.0f" angle="0.0f" />
    <Component name="LinearMove" speed="2.5f"/>
    <Component name="Spin" />
    <Component name="Health" max="400"/>
    <Component name="DestroyOffScreen" />
  </GameAsset>


  <GameAsset name="Red Pirate">
    <Component name="Sprite" animated="false"></Component>
    <Component name="Body" x="325.0f" y="-700.0f" angle="0.0f"/>
    <Component name="LinearMove" speed="6.0f"/>
    <Component name="Health" max="100"/>
    <Component name="DestroyOffScreen" />
    <Component name="StrafeAI" speed="10.0f" />
    <Component name="ShootAI" />
  </GameAsset>


  <GameAsset name="Asteroid">
    <Component name="Sprite" animated="false" />
    <Component name="Body" x="400.0f" y="-600.0f" angle="0.0f" />
    <Component name="LinearMove" speed="2.5f"/>
    <Component name="Spin" />
    <Component name="Health" max="400"/>
    <Component name="DestroyOffScreen" />
  </GameAsset>


  <GameAsset name="Black Pirate" >
    <Component name="Sprite" animated="false"></Component>
    <Component name="Body" x="125.0f" y="-510.0f" angle="180.0f"/>
    <Component name="LinearMove" speed="5.0f"/>
    <Component name="Health" max="200"/>
    <Component name="DestroyOffScreen" />
    <Component name="StrafeAI" speed="5.0f" />
  </GameAsset>


  <GameAsset name="Asteroid">
    <Component name="Sprite" animated="false" />
    <Component name="Body" x="150.0f" y="-450.0f" angle="0.0f" />
    <Component name="LinearMove" speed="2.5f"/>
    <Component name="Spin" />
    <Component name="Health" max="400"/>
    <Component name="DestroyOffScreen" />
  </GameAsset>


  <GameAsset name="Black Pirate" >
    <Component name="Sprite" animated="false"></Component>
    <Component name="Body" x="250.0f" y="-410.0f" angle="180.0f"/>
    <Component name="LinearMove" speed="5.0f"/>
    <Component name="Health" max="200"/>
    <Component name="DestroyOffScreen" />
    <Component name="StrafeAI" speed="5.0f" />
  </GameAsset>


  <GameAsset name="Red Pirate" >
    <Component name="Sprite" animated="false"></Component>
    <Component name="Body" x="425.0f" y="-350.0f" angle="0.0f"/>
    <Component name="LinearMove" speed="5.0f"/>
    <Component name="Health" max="100"/>
    <Component name="DestroyOffScreen" />
    <Component name="StrafeAI" speed="10.0f" />
    <Component name="ShootAI" />
  </GameAsset>


  <GameAsset name="Asteroid">
    <Component name="Sprite" animated="false" />
    <Component name="Body" x="230.0f" y="-250.0f" angle="0.0f" />
    <Component name="LinearMove" speed="2.5f"/>
    <Component name="Spin" />
    <Component name="Health" max="400"/>
    <Component name="DestroyOffScreen" />
  </GameAsset>


  <GameAsset name="Asteroid">
    <Component name="Sprite" animated="false" />
    <Component name="Body" x="520.0f" y="-200.0f" angle="0.0f" />
    <Component name="LinearMove" speed="2.5f"/>
    <Component name="Spin" />
    <Component name="Health" max="400"/>
    <Component name="DestroyOffScreen" />
  </GameAsset>


  <GameAsset name="Black Pirate" >
    <Component name="Sprite" animated="false"></Component>
    <Component name="Body" x="425.0f" y="-130.0f" angle="180.0f"/>
    <Component name="LinearMove" speed="5.0f"/>
    <Component name="Health" max="200"/>
    <Component name="DestroyOffScreen" />
    <Component name="StrafeAI" speed="5.0f" />
  </GameAsset>


  <GameAsset name="Red Pirate">
    <Component name="Sprite" animated="false"></Component>
    <Component name="Body" x="430.0f" y="0.0f" angle="0.0f"/>
    <Component name="LinearMove" speed="6.0f"/>
    <Component name="Health" max="100"/>
    <Component name="DestroyOffScreen" />
    <Component name="StrafeAI" speed="10.0f" />
    <Component name="ShootAI" />
  </GameAsset>


  <GameAsset name="Player">
    <Component name="Sprite" animated="true">
      <Frame name="Player" />
      <Frame name="PlayerLeft"/>
      <Frame name="PlayerRight"/>
      <Frame name="PlayerUp" />
    </Component>
    <Component name="Body" x="300.0f" y="400.0f" angle="0.0f"/>
    <Component name="Input"/>
    <Component name="Health" max="100" />
  </GameAsset>

</Level>
