<?xml version="1.0" ?>
<Level1>
  <GameAsset name="Blue Leever">
    <Component name="Sprite" animated="false"> </Component>   
    <Component name="Body" x="100.0f" y="100.0f" angle="0.0f"/>
    <Component name="Slide" vertical="true"/>
    <Component name="Health" max="100"/>
  </GameAsset>
  
    
  <GameAsset name="Red Leever">
    <Component name="Sprite" animated="false"></Component>
    <Component name="Body" x="0.0f" y="200.0f" angle="0.0f"/>
    <Component name="Slide" vertical="false"/>
    <Component name="Health" max="100"/>
  </GameAsset>  
  
    
  <GameAsset name="Blue Octorok">
    <Component name="Sprite" animated="false"> </Component>
    <Component name="Body" x="380.0f" y="50.0f" angle="0.0f"/>
    <Component name="Circle" radius="true"/>
    <Component name="Health" max="100"/>
  </GameAsset>
  
  
  <GameAsset name="Red Octorok">
    <Component name="Sprite" animated="false"> </Component>
    <Component name="Body" x="400.0f" y="300.0f" angle="270.0f"/>
    <Component name="Circle" radius="false"/>
    <Component name="Health" max="100"/>
  </GameAsset>
  
  
  <GameAsset name="Red Leever" >
    <Component name="Sprite" animated="false"></Component>
    <Component name="Body" x="-75.0f" y="0.0f" angle="0.0f"/>
    <Component name="Slide" vertical="false"/>
    <Component name="Health" max="100"/>
  </GameAsset>
  
  
  <GameAsset name="Blue Leever" >
    <Component name="Sprite" animated="false"></Component>
    <Component name="Body" x="35.0f" y="100.0f" angle="0.0f"/>
    <Component name="Slide" vertical="true"/>
    <Component name="Health" max="100"/>
  </GameAsset>
  
  
  <GameAsset name="Blue Octorok" >
    <Component name="Sprite" animated="false"></Component>
    <Component name="Body" x="125.0f" y="40.0f" angle="270.0f"/>
    <Component name="Circle" radius="true"/>
    <Component name="Health" max="100"/>
  </GameAsset>
  
  <GameAsset name="Link">
    <Component name="Sprite" animated="true">
      <Frame name="LinkUp" />
      <Frame name="LinkLeft"/>
      <Frame name="LinkRight"/>
      <Frame name="LinkDown"/>
    </Component>
    <Component name="Body" x="300.0f" y="200.0f" angle="0.0f"/>
    <Component name="Input"/>
    <Component name="Health" max="100"/>
  </GameAsset>


  <GameAsset name="Rock">
    <Component name="Sprite" animated="false" />
    <Component name="Body" x="320.0f" y="125.0f" angle="0.0f" />
  </GameAsset>


  <GameAsset name="Rock">
    <Component name="Sprite" animated="false" />
    <Component name="Body" x="320.0f" y="100.0f" angle="0.0f" />
  </GameAsset>


  <GameAsset name="Rock">
    <Component name="Sprite" animated="false" />
    <Component name="Body" x="360.0f" y="100.0f" angle="0.0f"/>
  </GameAsset>


<GameAsset name="Rock">
    <Component name="Sprite" animated="false" />
    <Component name="Body" x="360.0f" y="125.0f" angle="0.0f"/>
  </GameAsset>
</Level1>
