<?xml version="1.0" ?>
<Objects>
  <ArtAsset name="Red Leever" sprite="./Assets/Images/leever_r.png"/>
  <ArtAsset name="Blue Leever" sprite="./Assets/Images/leever_b.png"/>
  <ArtAsset name="Red Octorok" sprite="./Assets/Images/octorok_r.png"/>
  <ArtAsset name="Blue Octorok" sprite="./Assets/Images/octorok_b.png"/>
  <ArtAsset name="LinkDown" sprite="./Assets/Images/link_d.png"/>
  <ArtAsset name="LinkUp" sprite="./Assets/Images/link_u.png"/>
  <ArtAsset name="LinkRight" sprite="./Assets/Images/link_r.png"/>
  <ArtAsset name="LinkLeft" sprite="./Assets/Images/link_l.png"/>
  <ArtAsset name="Arrow" sprite="./Assets/Images/arrow.png"/>
  <ArtAsset name="Rock" sprite="./Assets/Images/rock.png"/>
</Objects>