<?xml version="1.0" ?>
<Puzzle>
    <!-- Room Layout for Puzzle	-->
    <Room type="Normal" condition = "2" name = "start" description = "Description of start room." item="torch">
        <Neighbor transition = 'd' target = "room1"/>
        <Neighbor transition = 's' target = "room3"/>	
        <Neighbor transition = 'q' target = "quit"/>
    </Room>
    <Room type="Magic" condition = "2" name = "room1" description = "Description of room one.">
      <Neighbor transition = 'a' target = "start"/>
      <Neighbor transition = 's' target = "room4"/>
      <Neighbor transition = 'q' target = "quit"/>
    </Room>
    <Room type="Normal" condition = "0" name = "room2" description = "Description of room two." item="compass">
        <Neighbor transition = 's' target = "room5"/>	
        <Neighbor transition = 'q' target = "quit"/>
    </Room>
    <Room type="Normal" condition = "2" name = "room3" description = "Description of room three." item="flint">
        <Neighbor transition = 'w' target = "start"/>
        <Neighbor transition = 'd' target = "room4"/>	
      	<Neighbor transition = 's' target = "room6"/>
        <Neighbor transition = 'q' target = "quit"/>
    </Room>
    <Room type="Normal" condition = "2" name = "room4" description = "Description of room four." item="chalice">
        <Neighbor transition = 'a' target = "room3"/>
        <Neighbor transition = 'w' target = "room1"/>
        <Neighbor transition = 'd' target = "room5"/>	
        <Neighbor transition = 's' target = "room6"/>
        <Neighbor transition = 'q' target = "quit"/>
    </Room>
    <Room type="Normal" condition = "2" name = "room5" description = "Description of room five." item="rucksack"> 
        <Neighbor transition = 'a' target = "room4"/>
        <Neighbor transition = 'w' target = "room2"/>	
        <Neighbor transition = 's' target = "room7"/>	
        <Neighbor transition = 'q' target = "quit"/>
    </Room>
    <Room type="Normal" condition = "1" name = "room6" description = "Description of room six." item="key">
        <Neighbor transition = 'a' target = "room3"/>
        <Neighbor transition = 'w' target = "room4"/>	
        <Neighbor transition = 'q' target = "quit"/>
    </Room>
    <Room type="Magic" condition = "2" name = "room7" description = "Description of room seven.">
      <Neighbor transition = 'w' target = "room5"/>
      <Neighbor transition = 'q' target = "quit"/>
    </Room>
    <Room type="Normal" condition = "3" name = "quit" description = "Description of quit.">
    </Room>
</Puzzle>
