<?xml version="1.0" ?>
<Level1>
  <GameAsset name="Blue Leever">
    <Component name="Body" x="100.0f" y="100.0f" angle="0.0f"/>
    <Component name="Slide" vertical="true"/>
    <Component name="Sprite" animated="false"> </Component>   
  </GameAsset>
  <GameAsset name="Red Leever">
    <Component name="Body" x="0.0f" y="200.0f" angle="0.0f"/>
    <Component name="Slide" vertical="false"/>
    <Component name="Sprite" animated="false"></Component>
  </GameAsset>  
  <GameAsset name="Blue Octorok">
    <Component name="Body" x="100.0f" y="50.0f" angle="0.0f"/>
    <Component name="Circle" radius="true"/>
    <Component name="Sprite" animated="false"> </Component>
  </GameAsset>
  <GameAsset name="Red Octorok">
    <Component name="Body" x="400.0f" y="300.0f" angle="270.0f"/>
    <Component name="Circle" radius="false"/>
    <Component name="Sprite" animated="false"> </Component>
  </GameAsset>
  <GameAsset name="Red Leever" >
    <Component name="Body" x="-75.0f" y="0.0f" angle="0.0f"/>
    <Component name="Slide" vertical="false"/>
    <Component name="Sprite" animated="false"></Component>
  </GameAsset>
  <GameAsset name="Blue Leever" >
    <Component name="Body" x="35.0f" y="100.0f" angle="0.0f"/>
    <Component name="Slide" vertical="true"/>
    <Component name="Sprite" animated="false"></Component>
  </GameAsset>
  <GameAsset name="Blue Octorok" >
    <Component name="Body" x="125.0f" y="40.0f" angle="270.0f"/>
    <Component name="Circle" radius="true"/>
    <Component name="Sprite" animated="false"></Component>
  </GameAsset>
  <GameAsset name="Link">
    <Component name="Body" x="300.0f" y="200.0f" angle="0.0f"/>
    <Component name="Input"/>
    <Component name="Sprite" animated="true">
      <Frame name="LinkUp" />
      <Frame name="LinkLeft"/>
      <Frame name="LinkRight"/>
      <Frame name="LinkDown"/>
    </Component>
  </GameAsset>
</Level1>
