<?xml version="1.0" ?>
<Objects>
  <Creature name="Red Leever" sprite="./Assets/Images/leever_r.png"/>
  <Creature name="Blue Leever" sprite="./Assets/Images/leever_b.png"/>
  <Creature name="Red Octorok" sprite="./Assets/Images/octorok_r.png"/>
  <Creature name="Blue Octorok" sprite="./Assets/Images/octorok_b.png"/>
  <Creature name="LinkDown" sprite="./Assets/Images/link_d.png"/>
  <Creature name="LinkDown" sprite="./Assets/Images/link_d.png"/>
  <Creature name="LinkUp" sprite="./Assets/Images/link_u.png"/>
  <Creature name="LinkRight" sprite="./Assets/Images/link_r.png"/>
  <Creature name="LinkLeft" sprite="./Assets/Images/link_l.png"/>
  <Creature name="Arrow" sprite="./Assets/Images/arrow.png"/>
</Objects>