<?xml version="1.0" ?>
<Level2>
    <!-- NPC Layout for Game 	-->
    <GameAsset name="Red Octorok" x="100.0f" y="100.0f" angle="0.0f"/>
    <GameAsset name="Red Octorok" x="0.0f" y="200.0f" angle="-180.0f"/>
    <GameAsset name="Blue Octorok" x="100.0f" y="50.0f" angle="0.0f"/>
    <GameAsset name="Blue Octorok" x="-25.0f" y="0.0f" angle="270.0f"/>
    <GameAsset name="Blue Octorok" x="-75.0f" y="0.0f" angle="270.0f"/>
    <GameAsset name="Blue Octorok" x="-35.0f" y="-100.0f" angle="270.0f"/>
    <GameAsset name="Red Octorok" x="-125.0f" y="-40.0f" angle="270.0f"/>
	  <GameAsset name="Blue Leever" x="150.0f" y="100.0f" angle="0.0f"/>
    <GameAsset name="Red Leever" x="5.0f" y="200.0f" angle="0.0f"/>
    <GameAsset name="Blue Leever" x="150.0f" y="50.0f" angle="0.0f"/>
    <GameAsset name="Red Leever" x="450.0f" y="300.0f" angle="270.0f"/>
    <GameAsset name="Red Leever" x="-125.0f" y="0.0f" angle="0.0f"/>
    <GameAsset name="Blue Leever" x="85.0f" y="100.0f" angle="0.0f"/>
    <GameAsset name="Blue Leever" x="175.0f" y="40.0f" angle="270.0f"/>
</Level2>
